1,Karleen,noche
2,Darsey,manana
3,Curr,manana
4,Lonny,noche
5,Orelie,manana
6,Bebe,manana
7,Gordan,noche
8,Sharona,manana
9,Fianna,manana
10,Zared,manana
11,Piggy,manana
12,Blondy,tarde
13,Lamont,noche
14,Montgomery,noche
15,Adela,tarde
16,Forbes,manana
17,Jarret,tarde
18,Darbie,noche
19,Cassy,tarde
20,Marcy,manana
21,Andie,manana
22,Ebony,noche
23,Vinita,tarde
24,Minerva,manana
25,Regen,tarde
26,Carlynne,noche
27,Demetra,noche
28,Court,noche
29,Waylon,noche
30,Sandra,tarde
31,Maybelle,tarde
32,Tuck,manana
33,Cassandre,manana
34,Ogdan,tarde
35,Pierson,tarde
36,Jacques,noche
37,Cole,tarde
38,Bil,noche
39,Frasco,noche
40,Lib,manana
41,Benito,tarde
42,Scarlet,tarde
43,Leta,tarde
44,Cam,manana
45,Devin,manana
46,Millie,noche
47,Justina,tarde
48,Ashien,noche
49,Eal,manana
50,Sorcha,manana
51,Briant,tarde
52,Zachery,tarde
53,Pamela,manana
54,Deeanne,tarde
55,Barbara-anne,noche
56,Dewie,manana
57,Ron,manana
58,Desi,noche
59,Eachelle,tarde
60,Lydon,noche
61,Natasha,manana
62,Shana,manana
63,Basia,tarde
64,Abba,tarde
65,Cleavland,noche
66,Gerardo,manana
67,Adolphe,manana
68,Jocelyne,manana
69,Elihu,noche
70,Emmanuel,manana
71,Sapphire,tarde
72,Kali,noche
73,Delia,tarde
74,Lucila,manana
75,Norry,noche
76,Shelia,noche
77,Lothario,noche
78,Heywood,manana
79,Norris,noche
80,Egbert,tarde
81,Davey,tarde
82,Hillyer,tarde
83,Shurlock,noche
84,Bernice,tarde
85,Ron,manana
86,Augy,tarde
87,Bernelle,noche
88,Gib,noche
89,Lothario,noche
90,Nedi,noche
91,Lotty,noche
92,Caron,manana
93,Dunstan,tarde
94,Bucky,manana
95,Leandra,noche
96,Issiah,manana
97,Amabelle,manana
98,Collin,noche
99,Herve,noche
100,Ruddie,manana
